{"cameraMode":{"drawMode":0,"name":"Shaded","section":"Shading Mode"},"sceneLighting":false,"audioPlay":false,"sceneViewState":{"showFog":true,"showMaterialUpdate":false,"showSkybox":false,"showFlares":true,"showImageEffects":true,"showParticleSystems":true},"in2DMode":false,"pivot":{"x":37.764739990234378,"y":3.621950149536133,"z":-34.260318756103519},"rotation":{"x":-0.11242649704217911,"y":0.821770191192627,"z":-0.15844887495040894,"w":-0.5395641922950745},"size":0.7641188502311707,"orthographic":false}