{"cameraMode":{"drawMode":0,"name":"Shaded","section":"Shading Mode"},"sceneLighting":false,"audioPlay":false,"sceneViewState":{"showFog":true,"showMaterialUpdate":false,"showSkybox":false,"showFlares":true,"showImageEffects":true,"showParticleSystems":true},"in2DMode":false,"pivot":{"x":0.0,"y":-4.6566128730773929e-9,"z":0.037740010768175128},"rotation":{"x":0.028473954647779466,"y":-0.7926298975944519,"z":0.03713347762823105,"w":0.6079469323158264},"size":0.042283862829208377,"orthographic":false}