{"cameraMode":{"drawMode":0,"name":"Shaded","section":"Shading Mode"},"sceneLighting":false,"audioPlay":false,"sceneViewState":{"showFog":true,"showMaterialUpdate":false,"showSkybox":false,"showFlares":true,"showImageEffects":true,"showParticleSystems":true},"in2DMode":false,"pivot":{"x":0.28863081336021426,"y":0.020147785544395448,"z":-0.07787801325321198},"rotation":{"x":0.0227810051292181,"y":-0.6116999983787537,"z":0.017630714923143388,"w":0.7906054258346558},"size":0.042283833026885989,"orthographic":false}