{"cameraMode":{"drawMode":0,"name":"Shaded","section":"Shading Mode"},"sceneLighting":false,"audioPlay":false,"sceneViewState":{"showFog":true,"showMaterialUpdate":false,"showSkybox":false,"showFlares":true,"showImageEffects":true,"showParticleSystems":true},"in2DMode":false,"pivot":{"x":0.7129999995231628,"y":-0.33990001678466799,"z":2.1414999961853029},"rotation":{"x":-0.12401950359344483,"y":-0.7491859793663025,"z":-0.14656727015972138,"w":0.6339722871780396},"size":0.5411456823348999,"orthographic":false}