{"cameraMode":{"drawMode":0,"name":"Shaded","section":"Shading Mode"},"sceneLighting":false,"audioPlay":false,"sceneViewState":{"showFog":true,"showMaterialUpdate":false,"showSkybox":false,"showFlares":true,"showImageEffects":true,"showParticleSystems":true},"in2DMode":false,"pivot":{"x":0.6612063646316528,"y":-0.17833596467971803,"z":0.7682814002037048},"rotation":{"x":-0.15399785339832307,"y":-0.8137525320053101,"z":-0.2506452202796936,"w":0.5019015073776245},"size":0.3242565989494324,"orthographic":false}