{"cameraMode":{"drawMode":0,"name":"Shaded","section":"Shading Mode"},"sceneLighting":false,"audioPlay":false,"sceneViewState":{"showFog":true,"showMaterialUpdate":false,"showSkybox":false,"showFlares":true,"showImageEffects":true,"showParticleSystems":true},"in2DMode":false,"pivot":{"x":0.3297205865383148,"y":2.4245705604553224,"z":14.171684265136719},"rotation":{"x":0.1169205978512764,"y":0.6652972102165222,"z":-0.10657847672700882,"w":0.7296760082244873},"size":0.6494720578193665,"orthographic":false}