{"cameraMode":{"drawMode":0,"name":"Shaded","section":"Shading Mode"},"sceneLighting":false,"audioPlay":false,"sceneViewState":{"showFog":true,"showMaterialUpdate":false,"showSkybox":true,"showFlares":true,"showImageEffects":true,"showParticleSystems":true},"in2DMode":false,"pivot":{"x":10.491498947143555,"y":8.958335876464844,"z":-46.283687591552737},"rotation":{"x":-0.16508136689662934,"y":0.8285244703292847,"z":-0.31755611300468447,"w":-0.4307050108909607},"size":10.0,"orthographic":false}