{"cameraMode":{"drawMode":0,"name":"Shaded","section":"Shading Mode"},"sceneLighting":false,"audioPlay":false,"sceneViewState":{"showFog":true,"showMaterialUpdate":false,"showSkybox":false,"showFlares":true,"showImageEffects":true,"showParticleSystems":true},"in2DMode":false,"pivot":{"x":-0.2960008680820465,"y":-0.1789351999759674,"z":-0.19014756381511689},"rotation":{"x":-0.03286609798669815,"y":-0.71108478307724,"z":-0.033290255814790729,"w":0.7017353773117065},"size":0.521836519241333,"orthographic":false}