{"cameraMode":{"drawMode":0,"name":"Shaded","section":"Shading Mode"},"sceneLighting":false,"audioPlay":false,"sceneViewState":{"showFog":true,"showMaterialUpdate":false,"showSkybox":false,"showFlares":true,"showImageEffects":true,"showParticleSystems":true},"in2DMode":false,"pivot":{"x":-0.03560841083526611,"y":-0.5322343707084656,"z":1.5567965507507325},"rotation":{"x":0.1333988904953003,"y":-0.6862354874610901,"z":0.12986554205417634,"w":0.7035874724388123},"size":0.9407247304916382,"orthographic":false}