{"cameraMode":{"drawMode":0,"name":"Shaded","section":"Shading Mode"},"sceneLighting":false,"audioPlay":false,"sceneViewState":{"showFog":true,"showMaterialUpdate":false,"showSkybox":false,"showFlares":true,"showImageEffects":true,"showParticleSystems":true},"in2DMode":false,"pivot":{"x":0.7834679484367371,"y":-0.5146613121032715,"z":1.0715787410736085},"rotation":{"x":0.05021894350647926,"y":-0.7025995254516602,"z":0.04983917623758316,"w":0.7080934643745422},"size":0.5671552419662476,"orthographic":false}