{"cameraMode":{"drawMode":0,"name":"Shaded","section":"Shading Mode"},"sceneLighting":false,"audioPlay":false,"sceneViewState":{"showFog":true,"showMaterialUpdate":false,"showSkybox":false,"showFlares":true,"showImageEffects":true,"showParticleSystems":true},"in2DMode":false,"pivot":{"x":0.5548132061958313,"y":-0.17289993166923524,"z":0.39146167039871218},"rotation":{"x":-0.01506103202700615,"y":0.7361939549446106,"z":-0.01642150618135929,"w":-0.6764495372772217},"size":0.2953505218029022,"orthographic":false}