{"cameraMode":{"drawMode":0,"name":"Shaded","section":"Shading Mode"},"sceneLighting":false,"audioPlay":false,"sceneViewState":{"showFog":true,"showMaterialUpdate":false,"showSkybox":false,"showFlares":true,"showImageEffects":true,"showParticleSystems":true},"in2DMode":false,"pivot":{"x":-2.8996102809906008,"y":2.1084930896759035,"z":-27.08087921142578},"rotation":{"x":0.13990558683872224,"y":-0.8222577571868897,"z":0.22932343184947968,"w":0.5017511248588562},"size":1.2247449159622193,"orthographic":false}