{"cameraMode":{"drawMode":0,"name":"Shaded","section":"Shading Mode"},"sceneLighting":false,"audioPlay":false,"sceneViewState":{"showFog":true,"showMaterialUpdate":false,"showSkybox":false,"showFlares":true,"showImageEffects":true,"showParticleSystems":true},"in2DMode":false,"pivot":{"x":0.4068765640258789,"y":-0.37911757826805117,"z":2.1453559398651125},"rotation":{"x":0.025485645979642869,"y":-0.7973266839981079,"z":0.033758193254470828,"w":0.6021052002906799},"size":0.31104201078414919,"orthographic":false}